site_id,glc_pc_u04,tmp_dc_uyr,glc_pc_u13,inu_pc_ult,glc_pc_u14,wet_pc_ug1,slp_dg_sav,dor_pc_pva,lka_pc_sse,snw_pc_uyr,cmi_ix_uyr,glc_pc_u12,prm_pc_sse,elevation,drainage_area
american_river_folsom_lake,0.06273344018375175,0.6253956096003923,-0.5547906060096237,-0.06791968617988074,-0.07315885657760246,3.4750662309190847,0.11082481378722049,1.137970698974247,0.39122796423683975,0.0186756077805713,0.06048637316261659,0.10964923912204755,-0.4201091837989885,-1.466900435786989,-0.3106121178675197
animas_r_at_durango,0.5733257232351561,-1.0675649124278166,0.508950830301886,-0.3513558068947993,-0.39694602357693265,-0.7364340134489624,0.9145978702349837,-0.5081777141716437,-0.8740559747689032,0.7196478814862579,0.5267345248055373,-0.6635671842026533,0.8224775663565812,0.9045882743902393,-0.617693591596469
boise_r_nr_boise,-0.2985247346110381,-0.13611393100829097,-0.4156336196220526,-0.24940527933134404,-0.42449888874390107,-0.5918220342151893,0.45548013155791706,0.4751315283561599,-0.17964154022243423,0.1334482229702009,-0.6672457120403028,0.5816382699327004,-0.5738701416927704,-0.48695268200466957,-0.09311809645708485
boysen_reservoir_inflow,-1.7742034514459852,0.08316396433664881,0.8836658073801377,-0.20789552501435032,-0.05778128454595817,0.6325434275679626,-1.4057047393149569,-0.3466050994989489,1.8729631104673332,-1.1520039079294426,-1.1001717590261706,1.7051993853172172,-0.06115743256857141,0.1878026878717189,1.2321948043610567
colville_r_at_kettle_falls,-0.08499495825889225,1.3817289701832247,-0.5104622561489612,-0.2904299635605773,-0.43171511533525,-0.6774768219151934,-0.6550088536171554,-0.6665341571413234,-0.5669625566671592,-0.7324992150036463,-0.6145771899853385,-0.061592609192081205,-0.5782090752488559,-1.0272870887463117,-0.53682704171604
detroit_lake_inflow,0.8812983006643714,1.0254711907651148,-0.9140030962598199,-0.23281231081463882,-0.1687738589129751,0.7984859730336445,0.3357511916873026,-0.6665341571413234,1.238982967477327,-0.3611318868856061,2.0997043574251406,-0.6580343296529237,-0.5782090752488559,-1.1431541724624592,-0.6832324947675356
dillon_reservoir_inflow,0.6678268976791895,-1.5026254578329172,-0.18029247787644034,-0.263137391207238,-0.01100910505961019,-0.6998398945659333,0.3630675517985413,-0.6665341571413234,0.5867637925704693,1.2931407565492996,0.2747533015176299,-0.6193043478048171,3.2391846673952167,1.7595813300473016,-0.7146805974988135
fontenelle_reservoir_inflow,-0.6884492171419162,-1.075690011077947,2.0208393772736986,-0.3230387845753352,-0.3420022736378633,1.807585115483701,-1.349078861852161,-0.25883684932273376,-0.16211252531973197,0.4150061798161181,-0.8610073199477025,0.42278489924053597,-0.08137439953659016,0.9061028767917575,0.32812791827952886
green_r_bl_howard_a_hanson_dam,0.8761419865826038,1.0349967998404654,-0.9140030962598199,4.64952563239383,-0.43171511533525,-0.8228367941450032,0.7368247330031116,-0.3888177305859646,-0.540977728981627,-0.26467284062118007,2.289072837477035,-0.6635671842026533,-0.5782090752488559,-1.1825338349019343,-0.744543081604985
hungry_horse_reservoir_inflow,0.5590286705538913,-0.24619762079418164,-0.8910746394353394,-0.301043741697987,-0.36597980122968127,-0.6481252890610972,0.8495589175891769,-0.4403191336326156,0.8102333106660461,0.633602027716287,0.09117108057843273,-0.27765057935901905,-0.5710227165465892,-0.4063001041238218,-0.36214472318347934
libby_reservoir_inflow,-0.37744726598927364,-0.9171676879816522,-0.8361231982191261,-0.3264981737035067,2.0905979630313967,-0.7000897612994612,0.6239209869017688,-0.6450027028727566,0.6132421868153916,0.7943558782121336,0.6656681477377282,-0.3052607599542475,0.7694539913304103,-0.7622316684806149,1.575216966925752
merced_river_yosemite_at_pohono_bridge,0.1645706432986635,0.2062688102849688,-0.7000041658980009,1.5412048921524135,-0.04925510599375929,-0.34762150031677885,0.5677234561240138,-0.6665341571413234,-0.9567349719501418,0.5190569102772812,0.43746992141407204,0.0557039072621847,-0.5494636404397891,-0.08747629860422636,-0.7181161045198775
missouri_r_at_toston,-0.6045343097397371,-0.38908175692443964,2.917060461570941,-0.3435387556691951,-0.33484202086388554,-0.28509317218148617,-0.932679540044473,-0.24654553356202155,-0.37823065031960973,-0.05017838248054796,-0.704554903460288,0.10608200395182721,-0.5131536175230732,-0.07838868419511676,3.066227014067518
owyhee_r_bl_owyhee_dam,-2.8198519507839492,1.3785591036337808,0.059139698710853124,-0.3118104194004014,-0.4236802411894203,0.22813365794964624,-1.6289535058425995,-0.054170915725021626,-0.7429606332599233,-2.3419873012443544,-1.498650392841986,3.1820921898917023,-0.5782090752488559,-0.6698409219880005,2.1463039417349257
pecos_r_nr_pecos,0.9483303837273513,0.044333456004009696,-0.9140030962598199,-0.3844377127776348,-0.43171511533525,-0.8787444757718531,0.12834919825011828,-0.6665341571413234,-1.0346894550067383,-0.6103177564020401,-0.0862157518158568,-0.6635671842026533,-0.5782090752488559,1.2836175253701858,-0.7529997142722195
pueblo_reservoir_inflow,0.23816530792025667,-0.20203343326301093,1.2732327244512398,-0.253488501991411,-0.418676705925881,0.958585243146897,-0.6831923997636717,3.5969404501924265,-0.7642110213709716,-1.2325516798426366,-0.7063922106165599,-0.3456795409818298,0.1665590084406024,0.23740591652144216,0.4311931289114482
ruedi_reservoir_inflow,0.855516730255533,-1.3083030326957663,-0.36372013247228524,-0.3692751725813352,-0.43171511533525,-0.8228367941450032,0.6370983389462077,1.503043935760634,-0.46302324592503047,1.3027866611757424,-0.12362187133228027,-0.6635671842026533,1.836407448712756,1.383202633270012,-0.7440145420632829
san_joaquin_river_millerton_reservoir,0.8245788457649269,2.2479243554351,-0.7101945911533256,0.16815264104306152,-0.26704483353544145,-0.2016403316244485,-0.20310857523369727,1.3581736037025443,0.46376894152561704,-0.9881156876043751,0.8193240581442285,-0.6180748245715438,-0.5782090752488559,-1.445109093735145,-0.3600305650166707
skagit_ross_reservoir,0.613169968412452,-0.022345807523444054,-0.9140030962598199,-0.3503219973359607,0.77542428914883,-0.7669291125181533,1.9953284666994746,-0.6665341571413234,2.245895040291699,0.27790929461621616,1.2282586668159623,-0.6276036296294114,-0.47760005341712214,-1.0954441968146338,
snake_r_nr_heise,0.7008273078025026,-0.9958304888393957,-0.17193110330796882,-0.3211956647793937,-0.34018622421079064,-0.15815657924800963,-0.3480842919005897,0.07515736750931087,2.0133086232517536,1.0162950494074685,-0.37683252652037774,-0.6193043478048171,-0.3344870980642895,0.3415348316258231,0.7171330209723115
stehekin_r_at_stehekin,-0.4789373541059431,-0.30620895796888997,-0.8161750138087027,-0.15396710179388096,4.272542999565085,-0.11840000564669417,2.402689106771045,-0.6665341571413234,-0.9515380064130353,1.1773899010319888,1.6382063578912658,-0.5484838095682792,-0.3482455967763215,-1.1412609194605614,-0.7181161045198775
sweetwater_r_nr_alcova,-2.5459317923505487,0.43170822506826445,1.2973191841456435,-0.0875046339334344,-0.43171511533525,-0.5432983860107535,-1.7574191009635818,-0.6665341571413234,-0.8917729027363114,-1.0021826318512705,-1.4410186430513199,2.6718219668592944,-0.5303000172337445,0.6728541069579442,-0.185083976713259
taylor_park_reservoir_inflow,0.6760770002100179,-1.5635893559151606,0.1621058107024702,-0.3844377127776348,-0.01100910505961019,0.9997536268903044,-0.22661895219010744,-0.6665341571413234,1.0025210355389844,1.119514473273333,0.08959300991133361,-0.6635671842026533,2.457308840588599,1.9148280762029242,-0.7358221791668995
virgin_r_at_virtin,-0.03618185161815803,1.791965201028321,0.6512462229580567,-0.3803943687252882,-0.43171511533525,-0.8787444757718531,-0.33068127642339845,-0.6665341571413234,-0.9653965811786526,-2.01861983186266,-1.2757303524381236,0.08299932304085036,-0.5782090752488559,-0.23212082794922098,-0.5503048000294448
weber_r_nr_oakley,0.83832901664964,-0.514502276416555,-0.7509562921746246,-0.06097018858991011,-0.43171511533525,0.9103013362873446,0.30756764554078625,0.10011964011008954,-0.8961037073505667,1.1580980917791035,0.007299546975201978,-0.6635671842026533,-0.3482455967763215,0.9568420572426195,-0.7601349980851985
yampa_r_nr_maybell,0.22913666310514563,-0.004260955510821967,0.7838103636708024,-0.3440042722541692,-0.43171511533525,0.06763483060728764,-0.9082523117452729,1.3072800261795279,-0.8704954713706221,0.17533418563574835,-0.7717235507798785,-0.2555793008834676,-0.4348985017080011,0.6766406129617399,0.0910779338261145
